Title,Author,Link,IMG,Timestamp
Зазидани - предстоящо ,Петър Маринков,https://www.ciela.com/zazidani-petur-marinkov.html,https://www.ciela.com/media/catalog/product/cache/10482adb38c42509ff68c714d15693d8/z/a/zazidani-ciela-front.jpg,24/07/2023 11:18:30
Всички страхове - предстоящо ,Алекс Финли,https://www.ciela.com/vsichki-strahove-aleks-finli.html,https://www.ciela.com/media/catalog/product/cache/10482adb38c42509ff68c714d15693d8/v/s/vsichki-strahove-ciela.jpg,24/07/2023 11:18:30
Новата къща - предстоящо ,Тес Стимсън,https://www.ciela.com/novata-k-scha-tes-stims-n.html,https://www.ciela.com/media/catalog/product/cache/10482adb38c42509ff68c714d15693d8/n/o/novata-kushta-ciela-front.jpg,24/07/2023 11:18:30
Хотел „Нантъкет“ - предстоящо ,Елин Хилдебранд,https://www.ciela.com/hotel-nant-ket.html,https://www.ciela.com/media/catalog/product/cache/10482adb38c42509ff68c714d15693d8/h/o/hotel-nantucket-elin-hilderbrand-front.jpg,24/07/2023 11:18:30
Дейзи Даркър - предстоящо ,Алис Фини,https://www.ciela.com/deizi-darkyr.html,https://www.ciela.com/media/catalog/product/cache/10482adb38c42509ff68c714d15693d8/d/e/deizi-darkyr-ciela.jpg,24/07/2023 11:18:30
Без извинения! - Силата на самодисциплината - предстоящо ,Брайън Трейси,https://www.ciela.com/bez-izvinenija-silata-na-samodisciplinata.html,https://www.ciela.com/media/catalog/product/cache/10482adb38c42509ff68c714d15693d8/b/e/bez-izvinenia-ciela.jpg,24/07/2023 11:18:30
Войната за вдигнатия капак на тоалетната чиния - предстоящо ,Алън и Барбара Пийз,https://www.ciela.com/vojnata-za-vdignatija-kapak-na-toaletnata-chinija-allan-barbara-pease.html,https://www.ciela.com/media/catalog/product/cache/10482adb38c42509ff68c714d15693d8/_/-/_-_-_9789542844006_-_.jpg,24/07/2023 11:18:30
Списание Медицинско право и здравеопазване бр. 1/2023 - предстоящо ,Мария Димитрова,https://www.ciela.com/spisanie-medicinsko-pravo-i-zdraveopazvane-br-1-2023.html,https://www.ciela.com/media/catalog/product/cache/10482adb38c42509ff68c714d15693d8/_/_/_._12023_-_-_2748-7070-1-2023_-_.jpg,24/07/2023 11:18:30
Правен режим на надзора върху банковата дейност - предстоящо ,Сюлейман Башов,https://www.ciela.com/praven-rezhim-na-nadzora-v-rhu-bankovata-dejnost.html,https://www.ciela.com/media/catalog/product/cache/10482adb38c42509ff68c714d15693d8/_/-/_-_-_9789542843757_-_.jpg,24/07/2023 11:18:30
Когато се борим със себе си ,Рюдигер Далке,https://www.ciela.com/kogato-se-borim-sas-sebe-si.html,https://www.ciela.com/media/catalog/product/cache/10482adb38c42509ff68c714d15693d8/k/o/kogato-se-borim-sas-sebe-si-hermes-9789542619437.jpg,24/07/2023 11:18:30
Трудните деца ,Андрю Фулър,https://www.ciela.com/trudnite-detsa.html,https://www.ciela.com/media/catalog/product/cache/10482adb38c42509ff68c714d15693d8/f/i/file_244_46.jpg,24/07/2023 11:18:30
Детски атлас на България с исторически и природни забележителности ,Костадин Костадинов,https://www.ciela.com/detski-atlas-na-balgariya-s-istoricheski-i-prirodni-zabelezhitelnosti.html,https://www.ciela.com/media/catalog/product/cache/10482adb38c42509ff68c714d15693d8/d/e/detski-atlas-na-bulgaria-pan-9786192401276.jpg,24/07/2023 11:18:30
Пурпур ,Шърли Конран,https://www.ciela.com/purpur-sharli-konran.html,https://www.ciela.com/media/catalog/product/cache/10482adb38c42509ff68c714d15693d8/p/u/purpur-shyrli-konran-pleiada-9789544094041.jpg,24/07/2023 11:18:30
Художничката ,Мери Бесон,https://www.ciela.com/hudozhnichkata-meri-beson.html,https://www.ciela.com/media/catalog/product/cache/10482adb38c42509ff68c714d15693d8/h/u/hudozhnichkata-mari-beson-emas-9789543574179.jpg,24/07/2023 11:18:30
Татяна Лолова - Дневници и делници ,Татяна Лолова,https://www.ciela.com/tatyana-lolova-dnevnitsi-i-delnitsi.html,https://www.ciela.com/media/catalog/product/cache/10482adb38c42509ff68c714d15693d8/d/n/dnevnici-i-delnici-tatyana-lolova-knigomaniya-2021-9786191952335.jpg,24/07/2023 11:18:30
Лечителят медиум - Помощ за черния дроб ,Антъни Уилям,https://www.ciela.com/lechitelyat-medium-pomosht-za-cherniya-drob.html,https://www.ciela.com/media/catalog/product/cache/10482adb38c42509ff68c714d15693d8/l/e/lechiteliat-medium-pomosht-za-chernia-drob-hermes-9789542619413.jpg,24/07/2023 11:18:30
Разбойникът плъх ,Джулия Доналдсън,https://www.ciela.com/razboynikat-plah.html,https://www.ciela.com/media/catalog/product/cache/10482adb38c42509ff68c714d15693d8/r/a/razboinikyt-plyh-janet-45-9786191864164.jpg,24/07/2023 11:18:30
Шумът на върбите ,Кенет Греъм,https://www.ciela.com/shumat-na-varbite-kenet-gream.html,https://www.ciela.com/media/catalog/product/cache/10482adb38c42509ff68c714d15693d8/s/h/shumut-na-vurbite-kenet-greum-labirint.jpg,24/07/2023 11:18:30
Ферментиране на храните за здраве ,Катрин Аткинсън,https://www.ciela.com/fermentirane-na-hranite-za-zdrave.html,https://www.ciela.com/media/catalog/product/cache/10482adb38c42509ff68c714d15693d8/f/e/fermentirane-na-hranite-za-zdrave-katrin-atkinsyn-hermes-9789542618645.jpg,24/07/2023 11:18:30
Дванайсет дара за Дядо Коледа ,Маури Кунас,https://www.ciela.com/dvanayset-dara-za-dyado-koleda-meki-koritsi.html,https://www.ciela.com/media/catalog/product/cache/10482adb38c42509ff68c714d15693d8/f/i/file_198_15.jpg,24/07/2023 11:18:30
Винету - том 2 ,Карл Май,https://www.ciela.com/vinetu-tom-2-karl-may.html,https://www.ciela.com/media/catalog/product/cache/10482adb38c42509ff68c714d15693d8/v/i/vinetu-2-karl-maj-ciela.jpg,24/07/2023 11:18:30
Дневникът на един татко звероукротител ,Калоян Явашев,https://www.ciela.com/dnevnikat-na-edin-tatko-zveroukrotitel.html,https://www.ciela.com/media/catalog/product/cache/10482adb38c42509ff68c714d15693d8/f/i/file_19_5.png,24/07/2023 11:18:30
Ема - Джейн Остин - Клуб Класика ,Джейн Остин,https://www.ciela.com/ema-klub-klasika.html,https://www.ciela.com/media/catalog/product/cache/10482adb38c42509ff68c714d15693d8/e/m/ema-klub-klasika-hermes.jpg,24/07/2023 11:18:30
26-етажната къща на дърво ,Анди Грифитс,https://www.ciela.com/26-etazhnata-kashta-na-darvo.html,https://www.ciela.com/media/catalog/product/cache/10482adb38c42509ff68c714d15693d8/2/6/26-etazhnata-kyshta-na-dyrvo-andy-grifits.jpg,24/07/2023 11:18:30
Сайлъс Марнър и Повдигнатият воал ,Джордж Елиът,https://www.ciela.com/saylas-marnar-i-povdignatiyat-voal.html,https://www.ciela.com/media/catalog/product/cache/10482adb38c42509ff68c714d15693d8/s/a/sailas-marnar-i-povdignatiqt-voal-djordj-eliat-colibri-9786190202554.jpg,24/07/2023 11:18:30
Немили-недраги ,Иван Вазов,https://www.ciela.com/nemili-nedragi-zlatno-pero.html,https://www.ciela.com/media/catalog/product/cache/10482adb38c42509ff68c714d15693d8/n/e/nemili_nedragi-zlatno-pero-hermes-vazov.jpg,24/07/2023 11:18:30
"Югославия - Мир, война и разпадане ",Наом Чомски,https://www.ciela.com/yugoslaviya.html,https://www.ciela.com/media/catalog/product/cache/10482adb38c42509ff68c714d15693d8/i/u/iugoslavia-mir-voina-i-razpadane-naom-chomski-ciela.jpg,24/07/2023 11:18:30
Романът на Яворов - Първа част ,Михаил Кремен,https://www.ciela.com/romanat-na-yavorov-parva-chast.html,https://www.ciela.com/media/catalog/product/cache/10482adb38c42509ff68c714d15693d8/c/o/cover-romanyt-na-yavorov-tom1.jpg,24/07/2023 11:18:30
Романът на Яворов - Втора част ,Михаил Кремен,https://www.ciela.com/romanat-na-yavorov-vtora-chast.html,https://www.ciela.com/media/catalog/product/cache/10482adb38c42509ff68c714d15693d8/r/o/romanyt-na-yavorov-tom2.jpg,24/07/2023 11:18:30
Дядо Коледа и магическият барабан ,Маури Кунас,https://www.ciela.com/dyado-koleda-i-magicheskiyat-baraban.html,https://www.ciela.com/media/catalog/product/cache/10482adb38c42509ff68c714d15693d8/f/i/file_261_9.jpg,24/07/2023 11:18:30
Избягай от мистериозното имение ,,https://www.ciela.com/misterioznoto-imenie.html,https://www.ciela.com/media/catalog/product/cache/10482adb38c42509ff68c714d15693d8/f/i/file_262_18.jpg,24/07/2023 11:18:30
Паул Целан - Избрани стихотворения ,Паул Целан,https://www.ciela.com/paul-tselan-izbrani-stihotvoreniya.html,https://www.ciela.com/media/catalog/product/cache/10482adb38c42509ff68c714d15693d8/p/a/paul-celan-izbrani-stihotvoreniya.jpg,24/07/2023 11:18:30
Следите остават - Произшествие на тихата улица ,Павел Вежинов,https://www.ciela.com/sledite-ostavat-proizshestvie-na-tihata-ulitsa.html,https://www.ciela.com/media/catalog/product/cache/10482adb38c42509ff68c714d15693d8/s/l/sledite-ostavat-pavel-vejinov-ciela-9789542830993.jpg,24/07/2023 11:18:30
Възход и падение на Великите сили ,Пол Кенеди,https://www.ciela.com/vazhod-i-padenie-na-velikite-sili-pol-kenedi.html,https://www.ciela.com/media/catalog/product/cache/10482adb38c42509ff68c714d15693d8/v/u/vuzhod-i-padenie-na-velikite-sili-ciela-front.jpg,24/07/2023 11:18:30
Милионерката - Венета Райкова ,Венета Райкова,https://www.ciela.com/milionerkata-veneta-raykova.html,https://www.ciela.com/media/catalog/product/cache/10482adb38c42509ff68c714d15693d8/m/i/milionerkata-veneta-raikova-entusiast.jpg,24/07/2023 11:18:30
Под игото - съкратено издание за деца ,Иван Вазов,https://www.ciela.com/pod-igoto-sakrateno-izdanie-za-detsa.html,https://www.ciela.com/media/catalog/product/cache/10482adb38c42509ff68c714d15693d8/b/i/biblioteka-za-uchenika--pod-igoto-sakrateno-izdanie-za-detsa-skorpio.jpg,24/07/2023 11:18:30
"Асен Агов - Добър вечер, дами и господа! Бягството на България към свободния свят ",Асен Агов,https://www.ciela.com/asen-agov-dobyr-vecher-dami-i-gospoda-biagstvoto-na-bulgaria-kum-svobodniat-sviat.html,https://www.ciela.com/media/catalog/product/cache/10482adb38c42509ff68c714d15693d8/a/s/asen-agov-dobyr-vecher-dami-i-gospoda-ciela-9789542831150.jpg,24/07/2023 11:18:30
Десет цезари ,Бари Страус,https://www.ciela.com/deset-tsezari.html,https://www.ciela.com/media/catalog/product/cache/10482adb38c42509ff68c714d15693d8/d/e/deset-cezari-bari-straus-ciela-9789542835509_1.jpg,24/07/2023 11:18:30
Пепел в снега ,Рута Сепетис,https://www.ciela.com/pepel-v-snega.html,https://www.ciela.com/media/catalog/product/cache/10482adb38c42509ff68c714d15693d8/p/e/pepel-v-snega-ruta-sepetis-ciela-9789542836254.jpg,24/07/2023 11:18:30
Евангелието на Локи ,Джоан Харис,https://www.ciela.com/evangelieto-na-loki.html,https://www.ciela.com/media/catalog/product/cache/10482adb38c42509ff68c714d15693d8/e/v/evangelieto-na-loki-joane-haris-ciela-9789542835776.jpg,24/07/2023 11:18:30
Краят винаги е близо ,Дан Карлин,https://www.ciela.com/krayat-vinagi-e-blizo.html,https://www.ciela.com/media/catalog/product/cache/10482adb38c42509ff68c714d15693d8/k/r/krayat-vinagi-e-blizo-dan-karlin-ciela.jpg,24/07/2023 11:18:30
"Честит Великден, Питър ",Беатрикс Потър,https://www.ciela.com/chestit-velikden-pitar.html,https://www.ciela.com/media/catalog/product/cache/10482adb38c42509ff68c714d15693d8/f/i/file_268_15.jpg,24/07/2023 11:18:30
Истинската лейди Чатърли ,Анабел Абс,https://www.ciela.com/istinskata-leydi-chatarli.html,https://www.ciela.com/media/catalog/product/cache/10482adb38c42509ff68c714d15693d8/i/s/istinskata-leidi-chatyrli-emas-9789543574438.jpg,24/07/2023 11:18:30
Мечо Пух - Свържи и оцвети 1 ,,https://www.ciela.com/mecho-puh-svarzhi-i-otsveti-1.html,https://www.ciela.com/media/catalog/product/cache/10482adb38c42509ff68c714d15693d8/_/-/_-_1_2_29.jpg,24/07/2023 11:18:30
Вторият пол ,Симон дьо Бовоар,https://www.ciela.com/vtoriyat-pol.html,https://www.ciela.com/media/catalog/product/cache/10482adb38c42509ff68c714d15693d8/v/t/vtoriat-pol-simon-dio-bovar-colibri-9786190205937.jpg,24/07/2023 11:18:30
Любими приказки ,,https://www.ciela.com/lyubimi-prikazki-hermes.html,https://www.ciela.com/media/catalog/product/cache/10482adb38c42509ff68c714d15693d8/l/u/lubimi_prikazki_hermes-9789542618997.jpg,24/07/2023 11:18:30
Уилям Уентън и шифрованият портал - книга 2 ,Боби Перс,https://www.ciela.com/uilyam-uentan-i-shifrovaniyat-portal.html,https://www.ciela.com/media/catalog/product/cache/10482adb38c42509ff68c714d15693d8/f/i/file_223_1.jpg,24/07/2023 11:18:30
Ангел Каралийчев - Тримата братя и златната ябълка ,Ангел Каралийчев,https://www.ciela.com/trimata-bratya-i-zlatnata-yabalka-angel-karaliychev.html,https://www.ciela.com/media/catalog/product/cache/10482adb38c42509ff68c714d15693d8/t/r/trimata-bratia-i-zlatanata-iabylka-angel-karaliichev-ciela-9789542829232.jpg,24/07/2023 11:18:30
Успех в живота и бизнеса ,Берт Хелингер,https://www.ciela.com/uspeh-v-zhivota-i-biznesa.html,https://www.ciela.com/media/catalog/product/cache/10482adb38c42509ff68c714d15693d8/u/s/uspeh-v-zhivota-i-biznesa-bert-helinger-zhanua-98.jpg,24/07/2023 11:18:30
На планина с деца ,Владимир Сотиров,https://www.ciela.com/na-planina-s-detsa.html,https://www.ciela.com/media/catalog/product/cache/10482adb38c42509ff68c714d15693d8/n/a/na-planina-s-deca-raketa-vladimir-sotirov.jpg,24/07/2023 11:18:30
Зазидани - предстоящо ,Петър Маринков,https://www.ciela.com/zazidani-petur-marinkov.html,https://www.ciela.com/media/catalog/product/cache/10482adb38c42509ff68c714d15693d8/z/a/zazidani-ciela-front.jpg,25/07/2023 19:08:45
Всички страхове - предстоящо ,Алекс Финли,https://www.ciela.com/vsichki-strahove-aleks-finli.html,https://www.ciela.com/media/catalog/product/cache/10482adb38c42509ff68c714d15693d8/v/s/vsichki-strahove-ciela.jpg,25/07/2023 19:08:45
Новата къща - предстоящо ,Тес Стимсън,https://www.ciela.com/novata-k-scha-tes-stims-n.html,https://www.ciela.com/media/catalog/product/cache/10482adb38c42509ff68c714d15693d8/n/o/novata-kushta-ciela-front.jpg,25/07/2023 19:08:45
Хотел „Нантъкет“ - предстоящо ,Елин Хилдебранд,https://www.ciela.com/hotel-nant-ket.html,https://www.ciela.com/media/catalog/product/cache/10482adb38c42509ff68c714d15693d8/h/o/hotel-nantucket-elin-hilderbrand-front.jpg,25/07/2023 19:08:45
Леговище на вълчици - предстоящо ,Елоди Харпър,https://www.ciela.com/legovishte-na-vylchica.html,https://www.ciela.com/media/catalog/product/cache/10482adb38c42509ff68c714d15693d8/l/e/legovishte-na-vylchici-ciela.jpg,25/07/2023 19:08:45
Дейзи Даркър - предстоящо ,Алис Фини,https://www.ciela.com/deizi-darkyr.html,https://www.ciela.com/media/catalog/product/cache/10482adb38c42509ff68c714d15693d8/d/e/deizi-darkyr-ciela.jpg,25/07/2023 19:08:45
Без извинения! - Силата на самодисциплината - предстоящо ,Брайън Трейси,https://www.ciela.com/bez-izvinenija-silata-na-samodisciplinata.html,https://www.ciela.com/media/catalog/product/cache/10482adb38c42509ff68c714d15693d8/b/e/bez-izvinenia-ciela.jpg,25/07/2023 19:08:45
33 избрани български народни приказки ,,https://www.ciela.com/33-izbrani-b-lgarski-narodni-prikazki.html,https://www.ciela.com/media/catalog/product/cache/10482adb38c42509ff68c714d15693d8/3/3/33_bulgarski_narodni_prikazki.jpg,25/07/2023 19:08:45
Историята на доктор Дулитъл ,Хю Лофтинг,https://www.ciela.com/istorijata-na-doktor-dulit-l.html,https://www.ciela.com/media/catalog/product/cache/10482adb38c42509ff68c714d15693d8/i/s/istoriata-na-doktor-dulital-hermes-9789542604327.jpg,25/07/2023 19:08:45
Фатален шанс ,Агата Кристи,https://www.ciela.com/fatalen-shans.html,https://www.ciela.com/media/catalog/product/cache/10482adb38c42509ff68c714d15693d8/f/a/fatalen_shans_agatha_christie_era.jpg,25/07/2023 19:08:45
Човешкото петно ,Филип Рот,https://www.ciela.com/choveshkoto-petno.html,https://www.ciela.com/media/catalog/product/cache/10482adb38c42509ff68c714d15693d8/1/0/102480.jpeg,25/07/2023 19:08:45
Грoбищни истoрии ,Бoрис Aкунин,https://www.ciela.com/grobischni-istorii.html,https://www.ciela.com/media/catalog/product/cache/10482adb38c42509ff68c714d15693d8/1/0/102536.jpeg,25/07/2023 19:08:45
Крaят нa гoспoдин Y ,Скарлет Томас,https://www.ciela.com/krajat-na-gospodin-y.html,https://www.ciela.com/media/catalog/product/cache/10482adb38c42509ff68c714d15693d8/1/0/102555.jpeg,25/07/2023 19:08:45
Силата на мисълта в бизнеса и ежедневието ,Уилям Аткинсън,https://www.ciela.com/silata-na-mis-lta-v-biznesa-i-ezhednevieto.html,https://www.ciela.com/media/catalog/product/cache/10482adb38c42509ff68c714d15693d8/s/i/silata-na-misalta-v-biznesa-i-ezhednevieto-shambala-9789543191314.jpg,25/07/2023 19:08:45
Хайди и тайнственият замък ,Мари-Жозе Мори,https://www.ciela.com/hajdi-i-tajnstvenijat-zam-k.html,https://www.ciela.com/media/catalog/product/cache/10482adb38c42509ff68c714d15693d8/h/e/heidi-i-tajnstveniat-zamyk-posoki-9789543610297.jpg,25/07/2023 19:08:45
"На юг от границата, на запад от слънцето ",Харуки Мураками,https://www.ciela.com/na-jug-ot-granicata-na-zapad-ot-sl-nceto.html,https://www.ciela.com/media/catalog/product/cache/10482adb38c42509ff68c714d15693d8/n/a/na-iug-ot-granicata-na-zapad-ot-slunceto-haruki-murakmi-colibri.jpg,25/07/2023 19:08:45
The Godfather ,Mario Puzo,https://www.ciela.com/the-godfather.html,https://www.ciela.com/media/catalog/product/cache/10482adb38c42509ff68c714d15693d8/t/h/the-godfather-mario-puzo-era.jpg,25/07/2023 19:08:45
Airport ,Arthur Hailey,https://www.ciela.com/airport.html,https://www.ciela.com/media/catalog/product/cache/10482adb38c42509ff68c714d15693d8/a/i/airport-era-advanced-level.jpg,25/07/2023 19:08:45
Йордан Йовков - Разкази - том II ,Йордан Йовков,https://www.ciela.com/yordan-yovkov-razkazi-tom-ii-damian-yakov.html,https://www.ciela.com/media/catalog/product/cache/10482adb38c42509ff68c714d15693d8/f/i/file_254_5.jpg,25/07/2023 19:08:45
Йордан Йовков - Разкази - том I ,Йордан Йовков,https://www.ciela.com/yordan-yovkov-razkazi-tom-i-damian-yakov.html,https://www.ciela.com/media/catalog/product/cache/10482adb38c42509ff68c714d15693d8/r/a/razkazi-ot-yordan-yovkov-tom-i.jpg,25/07/2023 19:08:45
Сянката на греха ,Пол Дохърти,https://www.ciela.com/sjankata-na-greha.html,https://www.ciela.com/media/catalog/product/cache/10482adb38c42509ff68c714d15693d8/7/1/71731.jpeg,25/07/2023 19:08:45
Детективи с машина на времето - Магическият елексир ,Фабиан Ленк,https://www.ciela.com/detektivi-s-mashina-na-vremeto-magicheskijat-eleksir.html,https://www.ciela.com/media/catalog/product/cache/10482adb38c42509ff68c714d15693d8/d/e/detektivi-s-mashina-na-vremeto-magicheskiyat-eliksir-fiut-9786191997381.jpg,25/07/2023 19:08:45
Чосър и Домът на славата ,Филипа Морган,https://www.ciela.com/chos-r-i-dom-t-na-slavata.html,https://www.ciela.com/media/catalog/product/cache/10482adb38c42509ff68c714d15693d8/7/1/71733.jpeg,25/07/2023 19:08:45
Завещанието на Гидиън Мак ,Джеймс Робъртсън,https://www.ciela.com/zaveschanieto-na-gidi-n-mak.html,https://www.ciela.com/media/catalog/product/cache/10482adb38c42509ff68c714d15693d8/7/1/71715.jpeg,25/07/2023 19:08:45
Необикновеният живот на Учителя Петър Дънов ,Влад Пашов,https://www.ciela.com/neobiknovenijat-zhivot-na-uchitelja-pet-r-d-nov.html,https://www.ciela.com/media/catalog/product/cache/10482adb38c42509ff68c714d15693d8/7/2/72186.jpeg,25/07/2023 19:08:45
Моят живот с Моцарт ,Ерик-Еманюел Шмит,https://www.ciela.com/mojat-zhivot-s-mocart.html,https://www.ciela.com/media/catalog/product/cache/10482adb38c42509ff68c714d15693d8/m/o/moyat-jivot-s-mocart-erih-emanuel-shimt-lege-artis-9789549933789.jpg,25/07/2023 19:08:45
Книжка Веселушка ,Веса Паспалеева,https://www.ciela.com/knizhka-veselushka.html,https://www.ciela.com/media/catalog/product/cache/10482adb38c42509ff68c714d15693d8/k/n/knijka-veselushka-vesa-paspaleeva-avgust.jpg,25/07/2023 19:08:45
Приключенията на Магистъра - Ф.М. ,Борис Акунин,https://www.ciela.com/f-m.html,https://www.ciela.com/media/catalog/product/cache/10482adb38c42509ff68c714d15693d8/7/1/71614.jpeg,25/07/2023 19:08:45
Интензивна терапия при вътрешните болести ,Никола Иванов,https://www.ciela.com/intenzivna-terapija-pri-v-treshnite-bolesti.html,https://www.ciela.com/media/catalog/product/cache/10482adb38c42509ff68c714d15693d8/i/n/intenzivna-terapiya-pri-vutreshni-bolesti-nikola-ivanov-nikolay-kolev-ip-bulgaria.jpg,25/07/2023 19:08:45
Палечко ,Валери Петров,https://www.ciela.com/palechko.html,https://www.ciela.com/media/catalog/product/cache/10482adb38c42509ff68c714d15693d8/p/a/palechko-valeri-petrov-zaharii-stoyanov-9789540901329.jpg,25/07/2023 19:08:45
Второто пришествие - Петър Дънов ,Петър Дънов,https://www.ciela.com/vtoroto-prishestvie.html,https://www.ciela.com/media/catalog/product/cache/10482adb38c42509ff68c714d15693d8/v/t/vtoroto-prishestvie-petyr-dynov.jpg,25/07/2023 19:08:45
Слънчогледова къща ,Тома Бинчев,https://www.ciela.com/sl-nchogledova-k-scha-toma-binchev.html,https://www.ciela.com/media/catalog/product/cache/10482adb38c42509ff68c714d15693d8/s/l/slanchogledova-kashta-toma-binchev.jpg,25/07/2023 19:08:45
Станислав Стратиев. Избрано. Драматургия - том 2 - Твърди корици ,Станислав Стратиев,https://www.ciela.com/stanislav-stratiev-izbrano-dramaturgija-tom-ii-73375.html,https://www.ciela.com/media/catalog/product/cache/10482adb38c42509ff68c714d15693d8/1/0/102287.jpeg,25/07/2023 19:08:45
Слънце изгрява. Фиеста - том 3 ,Ърнест Хемингуей,https://www.ciela.com/sl-nce-izgrjava-fiesta-t-3-kolekcija-heminguej.html,https://www.ciela.com/media/catalog/product/cache/10482adb38c42509ff68c714d15693d8/_/-/_-_-_3_-_-_9789543301492_-_.jpg,25/07/2023 19:08:45
Под кожата ,Мишел Фейбър,https://www.ciela.com/pod-kozhata.html,https://www.ciela.com/media/catalog/product/cache/10482adb38c42509ff68c714d15693d8/7/1/71739.jpeg,25/07/2023 19:08:45
The Common english - Най-важните думи и фрази в английския език ,Станимир Йотов,https://www.ciela.com/the-common-english-naj-vazhnite-dumi-i-frazi-v-anglijskija-ezik.html,https://www.ciela.com/media/catalog/product/cache/10482adb38c42509ff68c714d15693d8/n/a/nai-vajnite-dumi-i-frazi-v-angliiskia-ezik-pergament-press-9789546411471.jpg,25/07/2023 19:08:45
Старецът и морето - том 4 ,Ърнест Хемингуей,https://www.ciela.com/starec-t-i-moreto-tom-4.html,https://www.ciela.com/media/catalog/product/cache/10482adb38c42509ff68c714d15693d8/_/-/_-__6.png,25/07/2023 19:08:45
Български календар за малки ученици - Празници любими ,Тома Бинчев,https://www.ciela.com/b-lgarski-kalendar-za-malki-uchenici-praznici-ljubimi.html,https://www.ciela.com/media/catalog/product/cache/10482adb38c42509ff68c714d15693d8/b/u/bulgarski-kalendar-praznici-liubimi-avgust.jpg,25/07/2023 19:08:45
Дзен и изкуството да се поддържа мотоциклет ,Робърт М. Пърсиг,https://www.ciela.com/dzen-i-izkustvoto-da-se-podd-rzha-motociklet.html,https://www.ciela.com/media/catalog/product/cache/10482adb38c42509ff68c714d15693d8/d/z/dzen-i-izkustvoto-da-se-poddarzha-mototsiklet-robart-m.-parsig-fama.jpg,25/07/2023 19:08:45
Grammar Tour + Answer Key ,Derek Sellen,https://www.ciela.com/grammar-tour-answer-key.html,https://www.ciela.com/media/catalog/product/cache/10482adb38c42509ff68c714d15693d8/9/0/90595.jpeg,25/07/2023 19:08:45
Гатанки - Тома Бинчев ,Тома Бинчев,https://www.ciela.com/gatanki.html,https://www.ciela.com/media/catalog/product/cache/10482adb38c42509ff68c714d15693d8/7/4/74481.jpeg,25/07/2023 19:08:45
Чародейства - Мечо Пух ,Disney,https://www.ciela.com/charodejstva-mecho-puh.html,https://www.ciela.com/media/catalog/product/cache/10482adb38c42509ff68c714d15693d8/m/e/mecho-puh-charodeistva-egmont.jpg,25/07/2023 19:08:45
"Страстите на Кармела - Ай, Кармела ",Страстите на Кармела,https://www.ciela.com/strastite-na-karmela.html,https://www.ciela.com/media/catalog/product/cache/10482adb38c42509ff68c714d15693d8/s/t/strastite-na-karmela-markos-aginis-tonipress.jpg,25/07/2023 19:08:45
Научи азбуката с много примери и забавни игри ,,https://www.ciela.com/nauchi-azbukata-s-mnogo-primeri-i-zabavni-igri.html,https://www.ciela.com/media/catalog/product/cache/10482adb38c42509ff68c714d15693d8/n/a/nauchi-azbukata-az-znam-poredica-interbooks.jpg,25/07/2023 19:08:45
Културa и изкуствo нa прaистoричeскa Tрaкия ,Васил Николов,https://www.ciela.com/kultura-i-izkustvo-na-praistoricheska-trakija.html,https://www.ciela.com/media/catalog/product/cache/10482adb38c42509ff68c714d15693d8/_/_/_.__5_24.jpg,25/07/2023 19:08:45
Шогун - том 1 и том 2 ,Джеймс Клавел,https://www.ciela.com/shogun-tom-i-i-ii-komplekt-tv-rda-korica.html,https://www.ciela.com/media/catalog/product/cache/10482adb38c42509ff68c714d15693d8/s/h/shogun_james_clavell_tom-1_ciela.jpg,25/07/2023 19:08:45
Призракът излиза ,Филип Рот,https://www.ciela.com/prizrak-t-izliza.html,https://www.ciela.com/media/catalog/product/cache/10482adb38c42509ff68c714d15693d8/1/0/104738.jpeg,25/07/2023 19:08:45
Джевдет бей и неговите синове ,Орхан Памук,https://www.ciela.com/dzhevdet-bej-i-negovite-sinove.html,https://www.ciela.com/media/catalog/product/cache/10482adb38c42509ff68c714d15693d8/1/0/104780.jpeg,25/07/2023 19:08:45
Дневникът на Кати ,Шон Стюард# Джордан Вайсман,https://www.ciela.com/dnevnik-t-na-kati.html,https://www.ciela.com/media/catalog/product/cache/10482adb38c42509ff68c714d15693d8/8/7/87380.jpeg,25/07/2023 19:08:45
Сбогом на оръжията - том 5 ,Ърнест Хемингуей,https://www.ciela.com/sbogom-na-or-zhijata-tom-5.html,https://www.ciela.com/media/catalog/product/cache/10482adb38c42509ff68c714d15693d8/8/0/80713.jpeg,25/07/2023 19:08:45
